BC_10x,cons_BC_lenti,Numi_per_base,Prop_match_cons,side,kept
AAACGAAAGTTCATGC-1,ACACATTGTTATACGTAATA,1:1:1:1:1:1:1:1:1:1:1:1:1:1:1:1:1:1:1:1,1:1:1:1:1:1:1:1:1:1:1:1:1:1:1:1:1:1:1:1,B,1
AAACGCTAGCTGACCC-1,TACCTAAGGTCGAATTTGCT,1:1:1:1:1:1:1:1:1:1:1:1:1:1:1:1:1:1:1:1,1:1:1:1:1:1:1:1:1:1:1:1:1:1:1:1:1:1:1:1,B,1
AAAGGATAGTGTGTTC-1,CGTTAATCGGTCTAGTGATT,1:1:1:1:1:1:1:1:1:1:1:1:1:1:1:1:1:1:1:1,1:1:1:1:1:1:1:1:1:1:1:1:1:1:1:1:1:1:1:1,B,1
AAAGGGCAGCCTGAGA-1,CGTCGATTGTGCAAACGTAG,1:1:1:1:1:1:1:1:1:1:1:1:1:1:1:1:1:1:1:1,1:1:1:1:1:1:1:1:1:1:1:1:1:1:1:1:1:1:1:1,B,1
AAAGTCCCACTGCGAC-1,AGACAACTTGGATTTTGTGT,1:1:1:1:1:1:1:1:1:1:1:1:1:1:1:1:1:1:1:1,1:1:1:1:1:1:1:1:1:1:1:1:1:1:1:1:1:1:1:1,B,1
AAAGTGATCTGACGCG-1,TATCGTTCGTTTATGTACCC,1:1:1:1:1:1:1:1:1:1:1:1:1:1:1:1:1:1:1:1,1:1:1:1:1:1:1:1:1:1:1:1:1:1:1:1:1:1:1:1,B,1
AACACACCAATCCAGT-1,CCTACTTTAATTGAGTCAAT,1:1:1:1:1:1:1:1:1:1:1:1:1:1:1:1:1:1:1:1,1:1:1:1:1:1:1:1:1:1:1:1:1:1:1:1:1:1:1:1,B,1
AACACACTCACCGACG-1,CGCGATCGTAGGTCCGAGTC,1:1:1:1:1:1:1:1:1:1:1:1:1:1:1:1:1:1:1:1,1:1:1:1:1:1:1:1:1:1:1:1:1:1:1:1:1:1:1:1,B,1
AACCTTTGTCATTCCC-1,CTTAACATATGTAATATCTC,1:1:1:1:1:1:1:1:1:1:1:1:1:1:1:1:1:1:1:1,1:1:1:1:1:1:1:1:1:1:1:1:1:1:1:1:1:1:1:1,B,1
AACGAAATCTGGGTCG-1,GCGGCTTCATTCTAGTGCCA,1:1:1:1:1:1:1:1:1:1:1:1:1:1:1:1:1:1:1:1,1:1:1:1:1:1:1:1:1:1:1:1:1:1:1:1:1:1:1:1,B,1
AACTTCTGTGTTCCTC-1,GGGTGGGATTCAGTGATCAT,1:1:1:1:1:1:1:1:1:1:1:1:1:1:1:1:1:1:1:1,1:1:1:1:1:1:1:1:1:1:1:1:1:1:1:1:1:1:1:1,B,1
AAGACAAAGGCGCTTC-1,TCATTTGATACTAAGAATGA,1:1:1:1:1:1:1:1:1:1:1:1:1:1:1:1:1:1:1:1,1:1:1:1:1:1:1:1:1:1:1:1:1:1:1:1:1:1:1:1,B,1
AAGTCGTAGCACGGAT-1,CTATATATTCGTTGTATTAT,1:1:1:1:1:1:1:1:1:1:1:1:1:1:1:1:1:1:1:1,1:1:1:1:1:1:1:1:1:1:1:1:1:1:1:1:1:1:1:1,B,1
AAGTGAAAGTCCCGGT-1,TTTAATAGTTTCTATTTTGG,1:1:1:1:1:1:1:1:1:1:1:1:1:1:1:1:1:1:1:1,1:1:1:1:1:1:1:1:1:1:1:1:1:1:1:1:1:1:1:1,B,1
AAGTTCGAGAGGTATT-1,CGTTAATCGGTCTAGTGATT,1:1:1:1:1:1:1:1:1:1:1:1:1:1:1:1:1:1:1:1,1:1:1:1:1:1:1:1:1:1:1:1:1:1:1:1:1:1:1:1,B,1
AATAGAGGTTCTAACG-1,AGCCATTATGTCGTGTCATG,1:1:1:1:1:1:1:1:1:1:1:1:1:1:1:1:1:1:1:1,1:1:1:1:1:1:1:1:1:1:1:1:1:1:1:1:1:1:1:1,B,1
AATCGACTCATCGCTC-1,CCTCGGCAGAGTACTTTTTA,1:1:1:1:1:1:1:1:1:1:1:1:1:1:1:1:1:1:1:1,1:1:1:1:1:1:1:1:1:1:1:1:1:1:1:1:1:1:1:1,B,1
ACAACCATCACGGAGA-1,GGGAGTGGTGGAAGGTTAGG,1:1:1:1:1:1:1:1:1:1:1:1:1:1:1:1:1:1:1:1,1:1:1:1:1:1:1:1:1:1:1:1:1:1:1:1:1:1:1:1,B,1
ACATCCCAGTAACAGT-1,ATAGGGCATCAGAATAGTTT,1:1:1:1:1:1:1:1:1:1:1:1:1:1:1:1:1:1:1:1,1:1:1:1:1:1:1:1:1:1:1:1:1:1:1:1:1:1:1:1,B,1
ACCAACAAGTGCAAAT-1,CTTAACATATGTAATATCTC,1:1:1:1:1:1:1:1:1:1:1:1:1:1:1:1:1:1:1:1,1:1:1:1:1:1:1:1:1:1:1:1:1:1:1:1:1:1:1:1,B,1
ACCAACACAGGATGAC-1,TACCTAAGGTCGAATTTGCT,1:1:1:1:1:1:1:1:1:1:1:1:1:1:1:1:1:1:1:1,1:1:1:1:1:1:1:1:1:1:1:1:1:1:1:1:1:1:1:1,B,1
ACCGTTCTCTTTGGAG-1,CTTAACATATGTAATATCTC,1:1:1:1:1:1:1:1:1:1:1:1:1:1:1:1:1:1:1:1,1:1:1:1:1:1:1:1:1:1:1:1:1:1:1:1:1:1:1:1,B,1
ACCTGAATCCCGAGAC-1,GCGGGATCACTCGCAGGGTC,1:1:1:1:1:1:1:1:1:1:1:1:1:1:1:1:1:1:1:1,1:1:1:1:1:1:1:1:1:1:1:1:1:1:1:1:1:1:1:1,B,1
ACGCACGAGCCAACCC-1,GTTGCAGATTAATAAGATGA,1:1:1:1:1:1:1:1:1:1:1:1:1:1:1:1:1:1:1:1,1:1:1:1:1:1:1:1:1:1:1:1:1:1:1:1:1:1:1:1,B,1
ACGCACGCAACTCGAT-1,TAGTTTATGTGCTGTGAATC,1:1:1:1:1:1:1:1:1:1:1:1:1:1:1:1:1:1:1:1,1:1:1:1:1:1:1:1:1:1:1:1:1:1:1:1:1:1:1:1,B,1
ACGGGTCCACCCTGAG-1,GAACTGTAGATGGGGTCAGT,1:1:1:1:1:1:1:1:1:1:1:1:1:1:1:1:1:1:1:1,1:1:1:1:1:1:1:1:1:1:1:1:1:1:1:1:1:1:1:1,B,1
ACGGTCGTCCAGCCTT-1,CTTGATTCGTGGCGTTGACG,1:1:1:1:1:1:1:1:1:1:1:1:1:1:1:1:1:1:1:1,1:1:1:1:1:1:1:1:1:1:1:1:1:1:1:1:1:1:1:1,B,1
ACGTAACCACTGAGTT-1,TTATGGAAGACTCGGTCCGC,1:1:1:1:1:1:1:1:1:1:1:1:1:1:1:1:1:1:1:1,1:1:1:1:1:1:1:1:1:1:1:1:1:1:1:1:1:1:1:1,B,1
ACGTTCCTCAGCCTTC-1,TCCATGTAGGTCCAGGTGAG,1:1:1:1:1:1:1:1:1:1:1:1:1:1:1:1:1:1:1:1,1:1:1:1:1:1:1:1:1:1:1:1:1:1:1:1:1:1:1:1,B,1
ACTACGAGTAAGCAAT-1,GTTGCAGATTAATAAGATGA,1:1:1:1:1:1:1:1:1:1:1:1:1:1:1:1:1:1:1:1,1:1:1:1:1:1:1:1:1:1:1:1:1:1:1:1:1:1:1:1,B,1
ACTACGATCGCTCTCA-1,CGTTTAACGGTCATTGTGCC,1:1:1:1:1:1:1:1:1:1:1:1:1:1:1:1:1:1:1:1,1:1:1:1:1:1:1:1:1:1:1:1:1:1:1:1:1:1:1:1,B,1
ACTGCAACATGACGGA-1,ACTTGATACAGTACGCAAGC,2:2:2:2:2:2:2:2:2:2:2:2:2:2:2:2:2:2:2:2,0.5:0.5:0.5:0.5:0.5:0.5:1:1:0.5:1:1:0.5:0.5:0.5:1:1:0.5:0.5:1:0.5,B,0
ACTGTCCAGCCTGGAA-1,TAAGATTTTAATGCGCGGTA,1:1:1:1:1:1:1:1:1:1:1:1:1:1:1:1:1:1:1:1,1:1:1:1:1:1:1:1:1:1:1:1:1:1:1:1:1:1:1:1,B,1
ACTTAGGGTCTAACTG-1,CTAAAGATGTGCATTGCCTG,1:1:1:1:1:1:1:1:1:1:1:1:1:1:1:1:1:1:1:1,1:1:1:1:1:1:1:1:1:1:1:1:1:1:1:1:1:1:1:1,B,1
ACTTATCTCACCGACG-1,AAAAGAATTTTAGGTTTTTT,1:1:1:1:1:1:1:1:1:1:1:1:1:1:1:1:1:1:1:1,1:1:1:1:1:1:1:1:1:1:1:1:1:1:1:1:1:1:1:1,B,1
AGAACAAAGGCACTAG-1,CTTCAGTCAACGTGGGTATA,2:2:2:2:2:2:2:2:2:2:2:2:2:2:2:2:2:2:2:2,1:1:1:1:1:1:1:1:1:1:1:1:1:1:1:1:1:1:1:1,B,1
AGAACAATCACCATAG-1,CGCAGATACGATACAGTTGG,1:1:1:1:1:1:1:1:1:1:1:1:1:1:1:1:1:1:1:1,1:1:1:1:1:1:1:1:1:1:1:1:1:1:1:1:1:1:1:1,B,1
AGAACCTTCTGTTCAT-1,CTACTGTGTGTGTCTTCCTA,1:1:1:1:1:1:1:1:1:1:1:1:1:1:1:1:1:1:1:1,1:1:1:1:1:1:1:1:1:1:1:1:1:1:1:1:1:1:1:1,B,1
AGACAAATCACCCTGT-1,CTTCAGTCAACGTGGGTATA,1:1:1:1:1:1:1:1:1:1:1:1:1:1:1:1:1:1:1:1,1:1:1:1:1:1:1:1:1:1:1:1:1:1:1:1:1:1:1:1,B,1
AGACCATAGATGTTGA-1,ATAGGGCATCAGAATAGTTT,1:1:1:1:1:1:1:1:1:1:1:1:1:1:1:1:1:1:1:1,1:1:1:1:1:1:1:1:1:1:1:1:1:1:1:1:1:1:1:1,B,1
AGAGAATAGTTGTAGA-1,GCTGGAGTGTACCGAGAGTG,1:1:1:1:1:1:1:1:1:1:1:1:1:1:1:1:1:1:1:1,1:1:1:1:1:1:1:1:1:1:1:1:1:1:1:1:1:1:1:1,B,1
AGATGCTGTACGGTTT-1,TAAAAGTTGTTCTTGGGATT,1:1:1:1:1:1:1:1:1:1:1:1:1:1:1:1:1:1:1:1,1:1:1:1:1:1:1:1:1:1:1:1:1:1:1:1:1:1:1:1,B,1
AGCCACGGTTTACCTT-1,TACCTAAGGTCGAATTTGCT,1:1:1:1:1:1:1:1:1:1:1:1:1:1:1:1:1:1:1:1,1:1:1:1:1:1:1:1:1:1:1:1:1:1:1:1:1:1:1:1,B,1
AGCGCCAAGGCTGGAT-1,AAAAAGTTGTTCTTGGGATT,1:1:1:1:1:1:1:1:1:1:1:1:1:1:1:1:1:1:1:1,1:1:1:1:1:1:1:1:1:1:1:1:1:1:1:1:1:1:1:1,B,1
AGGAAATTCCTTACCG-1,ATAGGGCATCAGAATAGTTT,2:2:2:2:2:2:2:2:2:2:2:2:2:2:2:2:2:2:2:2,1:1:1:1:1:1:1:1:1:1:1:1:1:1:1:1:1:1:1:1,B,1
AGGACTTGTCCGGACT-1,ATTGGACCATGTAATGAGTA,1:1:1:1:1:1:1:1:1:1:1:1:1:1:1:1:1:1:1:1,1:1:1:1:1:1:1:1:1:1:1:1:1:1:1:1:1:1:1:1,B,1
AGGAGGTGTCCCGGTA-1,CTTAAATAGTTGGGGTTACC,1:1:1:1:1:1:1:1:1:1:1:1:1:1:1:1:1:1:1:1,1:1:1:1:1:1:1:1:1:1:1:1:1:1:1:1:1:1:1:1,B,1
AGGATAAAGAGCAGAA-1,CAATTTATACAGTTCCTTCG,1:1:1:1:1:1:1:1:1:1:1:1:1:1:1:1:1:1:1:1,1:1:1:1:1:1:1:1:1:1:1:1:1:1:1:1:1:1:1:1,B,1
AGGATCTGTAGGACTG-1,GTTAGAAAGGGCATGGCGTG,1:1:1:1:1:1:1:1:1:1:1:1:1:1:1:1:1:1:1:1,1:1:1:1:1:1:1:1:1:1:1:1:1:1:1:1:1:1:1:1,B,1
AGGCCACGTAACAGTA-1,TGCGTTTAAAGGCGGCTGGG,1:1:1:1:1:1:1:1:1:1:1:1:1:1:1:1:1:1:1:1,1:1:1:1:1:1:1:1:1:1:1:1:1:1:1:1:1:1:1:1,B,1
AGGCCACTCGTCCTTG-1,GTTATATAGTATCACATTAG,1:1:1:1:1:1:1:1:1:1:1:1:1:1:1:1:1:1:1:1,1:1:1:1:1:1:1:1:1:1:1:1:1:1:1:1:1:1:1:1,B,1
AGGCTGCAGGGAACAA-1,TTCCCAGGGCCCGCATCGGA,1:1:1:1:1:1:1:1:1:1:1:1:1:1:1:1:1:1:1:1,1:1:1:1:1:1:1:1:1:1:1:1:1:1:1:1:1:1:1:1,B,1
AGGGCTCGTTGCTGAT-1,CTTTCTCATACCCATACTAA,1:1:1:1:1:1:1:1:1:1:1:1:1:1:1:1:1:1:1:1,1:1:1:1:1:1:1:1:1:1:1:1:1:1:1:1:1:1:1:1,B,1
AGGGTCCCAGATCACT-1,CTAATTTTTCCGGAGACGCG,1:1:1:1:1:1:1:1:1:1:1:1:1:1:1:1:1:1:1:1,1:1:1:1:1:1:1:1:1:1:1:1:1:1:1:1:1:1:1:1,B,1
AGTCTCCGTGACTCTA-1,TACGATTGTTCCCATCAGAG,1:1:1:1:1:1:1:1:1:1:1:1:1:1:1:1:1:1:1:1,1:1:1:1:1:1:1:1:1:1:1:1:1:1:1:1:1:1:1:1,B,1
AGTGACTAGAGTTCGG-1,AGACAACTTGGATTTTGTGT,1:1:1:1:1:1:1:1:1:1:1:1:1:1:1:1:1:1:1:1,1:1:1:1:1:1:1:1:1:1:1:1:1:1:1:1:1:1:1:1,B,1
AGTGCCGTCTAGTGTG-1,ACGTTAGCGTCGGAAGGGCT,1:1:1:1:1:1:1:1:1:1:1:1:1:1:1:1:1:1:1:1,1:1:1:1:1:1:1:1:1:1:1:1:1:1:1:1:1:1:1:1,B,1
AGTTCGACAACGGCTC-1,TGCGTTTAAAGGCGGCTGGG,1:1:1:1:1:1:1:1:1:1:1:1:1:1:1:1:1:1:1:1,1:1:1:1:1:1:1:1:1:1:1:1:1:1:1:1:1:1:1:1,B,1
ATACTTCAGTGCCTCG-1,AGACAACTTGGATTTTGTGT,1:1:1:1:1:1:1:1:1:1:1:1:1:1:1:1:1:1:1:1,1:1:1:1:1:1:1:1:1:1:1:1:1:1:1:1:1:1:1:1,B,1
ATCACAGTCCACGTGG-1,GTCTTCGATTACTGATTTGC,1:1:1:1:1:1:1:1:1:1:1:1:1:1:1:1:1:1:1:1,1:1:1:1:1:1:1:1:1:1:1:1:1:1:1:1:1:1:1:1,B,1
ATCCACCGTGTGGTCC-1,CCAACGTGTCTTCGTAGATG,3:3:3:3:3:3:3:3:3:3:3:3:3:3:3:3:3:3:3:3,0.333:1:0.667:0.667:0.333:0.333:0.667:0.333:0.333:0.667:0.667:1:0.333:0.333:0.333:1:0.667:0.667:0.667:0.333,B,0
ATCCCTGCATGTTCAG-1,TAGATTAGTCAATATTGATT,1:1:1:1:1:1:1:1:1:1:1:1:1:1:1:1:1:1:1:1,1:1:1:1:1:1:1:1:1:1:1:1:1:1:1:1:1:1:1:1,B,1
ATCCCTGTCCGTGCGA-1,TTACGGTTACGAGATGTGTT,1:1:1:1:1:1:1:1:1:1:1:1:1:1:1:1:1:1:1:1,1:1:1:1:1:1:1:1:1:1:1:1:1:1:1:1:1:1:1:1,B,1
ATCTCTATCAAGTCTG-1,TACATGTCTTTCTAATTTCG,1:1:1:1:1:1:1:1:1:1:1:1:1:1:1:1:1:1:1:1,1:1:1:1:1:1:1:1:1:1:1:1:1:1:1:1:1:1:1:1,B,1
ATTACTCAGTTAGAAC-1,ACTTTATGTACTTTCTCTGT,1:1:1:1:1:1:1:1:1:1:1:1:1:1:1:1:1:1:1:1,1:1:1:1:1:1:1:1:1:1:1:1:1:1:1:1:1:1:1:1,B,1
ATTACTCTCTTTCGAT-1,GGGAGTGGTGGAAGGTTAGG,1:1:1:1:1:1:1:1:1:1:1:1:1:1:1:1:1:1:1:1,1:1:1:1:1:1:1:1:1:1:1:1:1:1:1:1:1:1:1:1,B,1
ATTCACTAGCAGATAT-1,TTATGATAGAGGTGAGTTTG,1:1:1:1:1:1:1:1:1:1:1:1:1:1:1:1:1:1:1:1,1:1:1:1:1:1:1:1:1:1:1:1:1:1:1:1:1:1:1:1,B,1
ATTCATCGTATCGATC-1,AGACAACTTGGATTTTGTGT,1:1:1:1:1:1:1:1:1:1:1:1:1:1:1:1:1:1:1:1,1:1:1:1:1:1:1:1:1:1:1:1:1:1:1:1:1:1:1:1,B,1
ATTCTACGTCACCACG-1,TTGTGTGACACTATCAGCGG,1:1:1:1:1:1:1:1:1:1:1:1:1:1:1:1:1:1:1:1,1:1:1:1:1:1:1:1:1:1:1:1:1:1:1:1:1:1:1:1,B,1
CAACGATCAGATCCAT-1,CTATATATTCGTTGTATTAT,1:1:1:1:1:1:1:1:1:1:1:1:1:1:1:1:1:1:1:1,1:1:1:1:1:1:1:1:1:1:1:1:1:1:1:1:1:1:1:1,B,1
CAACGGCTCTCGTGAA-1,GTACGGTTCTCCCATCTTGA,1:1:1:1:1:1:1:1:1:1:1:1:1:1:1:1:1:1:1:1,1:1:1:1:1:1:1:1:1:1:1:1:1:1:1:1:1:1:1:1,B,1
CAATCGAGTAGGAAAG-1,AAATCCTGGGTAAATTGCCG,1:1:1:1:1:1:1:1:1:1:1:1:1:1:1:1:1:1:1:1,1:1:1:1:1:1:1:1:1:1:1:1:1:1:1:1:1:1:1:1,B,1
CAATCGATCCAATCCC-1,TCATTTGATACTAAGAATGA,1:1:1:1:1:1:1:1:1:1:1:1:1:1:1:1:1:1:1:1,1:1:1:1:1:1:1:1:1:1:1:1:1:1:1:1:1:1:1:1,B,1
CAATGACTCATGGCCG-1,ATAGGGCATCAGAATAGTTT,1:1:1:1:1:1:1:1:1:1:1:1:1:1:1:1:1:1:1:1,1:1:1:1:1:1:1:1:1:1:1:1:1:1:1:1:1:1:1:1,B,1
CACAACAGTGTAAATG-1,GTTAGAAAGGGCATGGCGTG,1:1:1:1:1:1:1:1:1:1:1:1:1:1:1:1:1:1:1:1,1:1:1:1:1:1:1:1:1:1:1:1:1:1:1:1:1:1:1:1,B,1
CACGTGGCAATCCTTT-1,CGATCGTCTTATTCATTTAC,1:1:1:1:1:1:1:1:1:1:1:1:1:1:1:1:1:1:1:1,1:1:1:1:1:1:1:1:1:1:1:1:1:1:1:1:1:1:1:1,B,1
CACTGGGCAAAGCTCT-1,ACTTTATGTACTTTCTCTGT,1:1:1:1:1:1:1:1:1:1:1:1:1:1:1:1:1:1:1:1,1:1:1:1:1:1:1:1:1:1:1:1:1:1:1:1:1:1:1:1,B,1
CACTTCGAGCTCGTGC-1,AGCCATTATGTCGTGTCATG,1:1:1:1:1:1:1:1:1:1:1:1:1:1:1:1:1:1:1:1,1:1:1:1:1:1:1:1:1:1:1:1:1:1:1:1:1:1:1:1,B,1
CAGAGCCAGTGATGGC-1,ACTGCTATCCTTAGGACCAG,1:1:1:1:1:1:1:1:1:1:1:1:1:1:1:1:1:1:1:1,1:1:1:1:1:1:1:1:1:1:1:1:1:1:1:1:1:1:1:1,B,1
CAGATTGTCTGGACTA-1,ACTTTTTAGATAATTGTTTT,1:1:1:1:1:1:1:1:1:1:1:1:1:1:1:1:1:1:1:1,1:1:1:1:1:1:1:1:1:1:1:1:1:1:1:1:1:1:1:1,B,1
CAGCAATAGACGCCAA-1,CGTCGATTGTGCAAACGTAG,1:1:1:1:1:1:1:1:1:1:1:1:1:1:1:1:1:1:1:1,1:1:1:1:1:1:1:1:1:1:1:1:1:1:1:1:1:1:1:1,B,1
CAGCACGTCTCTTAAC-1,TTTATCGCTTGATTTTGTAT,1:1:1:1:1:1:1:1:1:1:1:1:1:1:1:1:1:1:1:1,1:1:1:1:1:1:1:1:1:1:1:1:1:1:1:1:1:1:1:1,B,1
CAGCAGCTCCTTATGT-1,TTGAGGGTTTGTATGGTTGA,1:1:1:1:1:1:1:1:1:1:1:1:1:1:1:1:1:1:1:1,1:1:1:1:1:1:1:1:1:1:1:1:1:1:1:1:1:1:1:1,B,1
CAGCCAGAGAATCTAG-1,CTTAACATATGTAATATCTC,1:1:1:1:1:1:1:1:1:1:1:1:1:1:1:1:1:1:1:1,1:1:1:1:1:1:1:1:1:1:1:1:1:1:1:1:1:1:1:1,B,1
CAGTTCCCATAGCACT-1,AATACATTGCGTTCGACCCG,1:1:1:1:1:1:1:1:1:1:1:1:1:1:1:1:1:1:1:1,1:1:1:1:1:1:1:1:1:1:1:1:1:1:1:1:1:1:1:1,B,1
CATAGACAGGTGATAT-1,ATTGGACCATGTAATGAGTA,1:1:1:1:1:1:1:1:1:1:1:1:1:1:1:1:1:1:1:1,1:1:1:1:1:1:1:1:1:1:1:1:1:1:1:1:1:1:1:1,B,1
CATCCCAGTGGAAGTC-1,CGTCGATTGTGCAAACGTAG,1:1:1:1:1:1:1:1:1:1:1:1:1:1:1:1:1:1:1:1,1:1:1:1:1:1:1:1:1:1:1:1:1:1:1:1:1:1:1:1,B,1
CATCCGTTCATCCCGT-1,GCGGGATCACTCGCAGGGTC,1:1:1:1:1:1:1:1:1:1:1:1:1:1:1:1:1:1:1:1,1:1:1:1:1:1:1:1:1:1:1:1:1:1:1:1:1:1:1:1,B,1
CATCGTCCATCTCGTC-1,CTTTCTCATACCCATACTAA,1:1:1:1:1:1:1:1:1:1:1:1:1:1:1:1:1:1:1:1,1:1:1:1:1:1:1:1:1:1:1:1:1:1:1:1:1:1:1:1,B,1
CATGCCTTCTTGGCTC-1,GCGGGATCACTCGCAGGGTC,1:1:1:1:1:1:1:1:1:1:1:1:1:1:1:1:1:1:1:1,1:1:1:1:1:1:1:1:1:1:1:1:1:1:1:1:1:1:1:1,B,1
CATGGATAGCTGTGCC-1,CGATAGTCTTATTCATTTAC,2:2:2:2:2:2:2:2:2:2:2:2:2:2:2:2:2:2:2:2,0.5:0.5:0.5:1:1:0.5:1:1:1:0.5:0.5:1:0.5:0.5:1:0.5:1:0.5:0.5:0.5,B,0
CCAATGAGTATCCCTC-1,ATTGGTTAGAGTTCTTGATC,1:1:1:1:1:1:1:1:1:1:1:1:1:1:1:1:1:1:1:1,1:1:1:1:1:1:1:1:1:1:1:1:1:1:1:1:1:1:1:1,B,1
CCAATTTCAAATTGGA-1,ATAGGGCATCAGAATAGTTT,1:1:1:1:1:1:1:1:1:1:1:1:1:1:1:1:1:1:1:1,1:1:1:1:1:1:1:1:1:1:1:1:1:1:1:1:1:1:1:1,B,1
CCACAAACAGAGGCTA-1,AACTGGTATCTGCAGACTGC,1:1:1:1:1:1:1:1:1:1:1:1:1:1:1:1:1:1:1:1,1:1:1:1:1:1:1:1:1:1:1:1:1:1:1:1:1:1:1:1,B,1
CCACTTGCACCGTGGT-1,GTTGGCAAAATATCAATTTA,1:1:1:1:1:1:1:1:1:1:1:1:1:1:1:1:1:1:1:1,1:1:1:1:1:1:1:1:1:1:1:1:1:1:1:1:1:1:1:1,B,1
CCACTTGCATATGGCT-1,ATTGGACCATGTAATGAGTA,1:1:1:1:1:1:1:1:1:1:1:1:1:1:1:1:1:1:1:1,1:1:1:1:1:1:1:1:1:1:1:1:1:1:1:1:1:1:1:1,B,1
CCATAAGTCAGTCAGT-1,ACAACTGCCGTCTTGATGTG,1:1:1:1:1:1:1:1:1:1:1:1:1:1:1:1:1:1:1:1,1:1:1:1:1:1:1:1:1:1:1:1:1:1:1:1:1:1:1:1,B,1
CCATCACGTTGTGGCC-1,GTATAAGTATTGTAACTACT,1:1:1:1:1:1:1:1:1:1:1:1:1:1:1:1:1:1:1:1,1:1:1:1:1:1:1:1:1:1:1:1:1:1:1:1:1:1:1:1,B,1
CCCTTAGAGATACGAT-1,GTTGCAGATTAATAAGATGA,1:1:1:1:1:1:1:1:1:1:1:1:1:1:1:1:1:1:1:1,1:1:1:1:1:1:1:1:1:1:1:1:1:1:1:1:1:1:1:1,B,1
CCTAACCCACCTCGTT-1,AGCTTTATCCTAGTTGTCGC,1:1:1:1:1:1:1:1:1:1:1:1:1:1:1:1:1:1:1:1,1:1:1:1:1:1:1:1:1:1:1:1:1:1:1:1:1:1:1:1,B,1
CCTCAACTCTAGTTCT-1,TTGGACGGATTAAATTCTAT,1:1:1:1:1:1:1:1:1:1:1:1:1:1:1:1:1:1:1:1,1:1:1:1:1:1:1:1:1:1:1:1:1:1:1:1:1:1:1:1,B,1
CCTCACATCGCAGTGC-1,ACACAAGGATTTGTTGCTGA,1:1:1:1:1:1:1:1:1:1:1:1:1:1:1:1:1:1:1:1,1:1:1:1:1:1:1:1:1:1:1:1:1:1:1:1:1:1:1:1,B,1
CGAAGTTTCTCTAGGA-1,GGGAGTGGTGGAAGGTTAGG,1:1:1:1:1:1:1:1:1:1:1:1:1:1:1:1:1:1:1:1,1:1:1:1:1:1:1:1:1:1:1:1:1:1:1:1:1:1:1:1,B,1
CGCATGGAGGTCACTT-1,GCTGTACATTGGTTGTGTGT,1:1:1:1:1:1:1:1:1:1:1:1:1:1:1:1:1:1:1:1,1:1:1:1:1:1:1:1:1:1:1:1:1:1:1:1:1:1:1:1,B,1
CGGAACCTCCCGATCT-1,TTTTTAGCAAGGGGAAAATA,1:1:1:1:1:1:1:1:1:1:1:1:1:1:1:1:1:1:1:1,1:1:1:1:1:1:1:1:1:1:1:1:1:1:1:1:1:1:1:1,B,1
CGGAGAACAAAGACGC-1,ACTTATGAAGTGAGGGGGAA,1:1:1:1:1:1:1:1:1:1:1:1:1:1:1:1:1:1:1:1,1:1:1:1:1:1:1:1:1:1:1:1:1:1:1:1:1:1:1:1,B,1
CGGGACTTCTCCGTGT-1,AGGCACATACTTTGTACATA,1:1:1:1:1:1:1:1:1:1:1:1:1:1:1:1:1:1:1:1,1:1:1:1:1:1:1:1:1:1:1:1:1:1:1:1:1:1:1:1,B,1
CGGGTCACACACACGC-1,TAACAAACTTGACGGCCTTA,1:1:1:1:1:1:1:1:1:1:1:1:1:1:1:1:1:1:1:1,1:1:1:1:1:1:1:1:1:1:1:1:1:1:1:1:1:1:1:1,B,1
CGGGTGTTCACCCATC-1,TACTGGGGTAGTAAACATTG,1:1:1:1:1:1:1:1:1:1:1:1:1:1:1:1:1:1:1:1,1:1:1:1:1:1:1:1:1:1:1:1:1:1:1:1:1:1:1:1,B,1
CGGTCAGGTGCCTATA-1,TGGACCGGCTGTGCGTAGAT,1:1:1:1:1:1:1:1:1:1:1:1:1:1:1:1:1:1:1:1,1:1:1:1:1:1:1:1:1:1:1:1:1:1:1:1:1:1:1:1,B,1
CGTAATGGTACTGGGA-1,TGATGGCACTCACAATGTCG,1:1:1:1:1:1:1:1:1:1:1:1:1:1:1:1:1:1:1:1,1:1:1:1:1:1:1:1:1:1:1:1:1:1:1:1:1:1:1:1,B,1
CGTAGTATCAAGGCTT-1,ATTTTTCCGTATTGAAATCT,1:1:1:1:1:1:1:1:1:1:1:1:1:1:1:1:1:1:1:1,1:1:1:1:1:1:1:1:1:1:1:1:1:1:1:1:1:1:1:1,B,1
CGTGCTTCACGTCTCT-1,ACGTAGTTTATTGTAGCGTC,1:1:1:1:1:1:1:1:1:1:1:1:1:1:1:1:1:1:1:1,1:1:1:1:1:1:1:1:1:1:1:1:1:1:1:1:1:1:1:1,B,1
CGTTAGAAGGGTCACA-1,TGTGAACAACCTATTACAAG,1:1:1:1:1:1:1:1:1:1:1:1:1:1:1:1:1:1:1:1,1:1:1:1:1:1:1:1:1:1:1:1:1:1:1:1:1:1:1:1,B,1
CTAACCCTCTCTCTTC-1,GCTCCTTTGGTTATTTTCTA,1:1:1:1:1:1:1:1:1:1:1:1:1:1:1:1:1:1:1:1,1:1:1:1:1:1:1:1:1:1:1:1:1:1:1:1:1:1:1:1,B,1
CTACCCACAGGTCAAG-1,TCTGATTGCTTACAGGTCGG,1:1:1:1:1:1:1:1:1:1:1:1:1:1:1:1:1:1:1:1,1:1:1:1:1:1:1:1:1:1:1:1:1:1:1:1:1:1:1:1,B,1
CTACTATAGTCAGAGC-1,AACGTGTTTTGTATGATTTG,1:1:1:1:1:1:1:1:1:1:1:1:1:1:1:1:1:1:1:1,1:1:1:1:1:1:1:1:1:1:1:1:1:1:1:1:1:1:1:1,B,1
CTATAGGAGTTGCCCG-1,ACAACTGCCGTCTTGATGTG,1:1:1:1:1:1:1:1:1:1:1:1:1:1:1:1:1:1:1:1,1:1:1:1:1:1:1:1:1:1:1:1:1:1:1:1:1:1:1:1,B,1
CTATAGGTCCCTATTA-1,GACGCAGGATTAGGTCCACA,1:1:1:1:1:1:1:1:1:1:1:1:1:1:1:1:1:1:1:1,1:1:1:1:1:1:1:1:1:1:1:1:1:1:1:1:1:1:1:1,B,1
CTATCCGGTATGACAA-1,ATAGGGCATCAGAATAGTTT,1:1:1:1:1:1:1:1:1:1:1:1:1:1:1:1:1:1:1:1,1:1:1:1:1:1:1:1:1:1:1:1:1:1:1:1:1:1:1:1,B,1
CTCACTGCATTGAAAG-1,TAACAAGTATTTTGGTAGGA,1:1:1:1:1:1:1:1:1:1:1:1:1:1:1:1:1:1:1:1,1:1:1:1:1:1:1:1:1:1:1:1:1:1:1:1:1:1:1:1,B,1
CTCACTGGTCACGCTG-1,TTATTGTTTATACAGTAGGT,1:1:1:1:1:1:1:1:1:1:1:1:1:1:1:1:1:1:1:1,1:1:1:1:1:1:1:1:1:1:1:1:1:1:1:1:1:1:1:1,B,1
CTCATCGAGCGTGAAC-1,TACCTAAGGTCGAATTTGCT,1:1:1:1:1:1:1:1:1:1:1:1:1:1:1:1:1:1:1:1,1:1:1:1:1:1:1:1:1:1:1:1:1:1:1:1:1:1:1:1,B,1
CTCCAACCAGTCGGTC-1,GTTTTATGGTACATGACGTG,2:2:2:2:2:2:2:2:2:2:2:2:2:2:2:2:2:2:2:2,1:0.5:1:0.5:1:0.5:1:1:0.5:1:0.5:0.5:0.5:0.5:0.5:0.5:0.5:0.5:1:0.5,B,0
CTCCACACAATCAGCT-1,ACTATAGCGAATGTGCGTCG,1:1:1:1:1:1:1:1:1:1:1:1:1:1:1:1:1:1:1:1,1:1:1:1:1:1:1:1:1:1:1:1:1:1:1:1:1:1:1:1,B,1
CTCCCAATCTCATTTG-1,CCTGCGGTTACGAAAGGTTA,1:1:1:1:1:1:1:1:1:1:1:1:1:1:1:1:1:1:1:1,1:1:1:1:1:1:1:1:1:1:1:1:1:1:1:1:1:1:1:1,B,1
CTCCTCCTCATCGCCT-1,TACCTAAGGTCGAATTTGCT,1:1:1:1:1:1:1:1:1:1:1:1:1:1:1:1:1:1:1:1,1:1:1:1:1:1:1:1:1:1:1:1:1:1:1:1:1:1:1:1,B,1
CTCCTTTAGATTGGGC-1,AGTATCGTATTGTTGCAATA,1:1:1:1:1:1:1:1:1:1:1:1:1:1:1:1:1:1:1:1,1:1:1:1:1:1:1:1:1:1:1:1:1:1:1:1:1:1:1:1,B,1
CTCCTTTGTGTGAGCA-1,AATTTTCAATGAAAAACTCG,1:1:1:1:1:1:1:1:1:1:1:1:1:1:1:1:1:1:1:1,1:1:1:1:1:1:1:1:1:1:1:1:1:1:1:1:1:1:1:1,B,1
CTGAATGAGAGCATCG-1,CTGTGCTCTGCTGCTATTGC,1:1:1:1:1:1:1:1:1:1:1:1:1:1:1:1:1:1:1:1,1:1:1:1:1:1:1:1:1:1:1:1:1:1:1:1:1:1:1:1,B,1
CTGATCCTCACTCCGT-1,TTTTAGCTTCAATAAGTTTA,1:1:1:1:1:1:1:1:1:1:1:1:1:1:1:1:1:1:1:1,1:1:1:1:1:1:1:1:1:1:1:1:1:1:1:1:1:1:1:1,B,1
CTGCGAGGTACCTTCC-1,ATAGGGCATCAGAATAGTTT,1:1:1:1:1:1:1:1:1:1:1:1:1:1:1:1:1:1:1:1,1:1:1:1:1:1:1:1:1:1:1:1:1:1:1:1:1:1:1:1,B,1
CTGCTCAAGACTTCCA-1,GGAATGCTTTTATGACGTGT,1:1:1:1:1:1:1:1:1:1:1:1:1:1:1:1:1:1:1:1,1:1:1:1:1:1:1:1:1:1:1:1:1:1:1:1:1:1:1:1,B,1
CTGCTCACAAATGGCG-1,TACCGGGTCTCATCCTTCCT,1:1:1:1:1:1:1:1:1:1:1:1:1:1:1:1:1:1:1:1,1:1:1:1:1:1:1:1:1:1:1:1:1:1:1:1:1:1:1:1,B,1
CTGGTCTAGCTCCCTT-1,CTTAACATATGTAATATCTC,1:1:1:1:1:1:1:1:1:1:1:1:1:1:1:1:1:1:1:1,1:1:1:1:1:1:1:1:1:1:1:1:1:1:1:1:1:1:1:1,B,1
CTGTAGACAGTTACCA-1,GACAAGAAGCACGGTGGATT,2:2:2:2:2:2:2:2:2:2:2:2:2:2:2:2:2:2:2:2,0.5:0.5:1:1:0.5:1:0.5:1:1:0.5:0.5:1:0.5:0.5:0.5:1:0.5:0.5:0.5:0.5,B,0
CTGTAGAGTCATGACT-1,GTGGGATTGCTTTCCTCGAG,2:2:2:2:2:2:2:2:2:2:2:2:2:2:2:2:2:2:2:2,1:1:1:1:1:1:1:1:1:1:1:1:1:1:1:1:1:1:1:1,B,1
CTGTCGTTCGAGTCTA-1,ATGTTCGTTTTAAAGTGTGT,1:1:1:1:1:1:1:1:1:1:1:1:1:1:1:1:1:1:1:1,1:1:1:1:1:1:1:1:1:1:1:1:1:1:1:1:1:1:1:1,B,1
CTGTGAATCCCTGGTT-1,CTTTCTCATACCCATACTAA,1:1:1:1:1:1:1:1:1:1:1:1:1:1:1:1:1:1:1:1,1:1:1:1:1:1:1:1:1:1:1:1:1:1:1:1:1:1:1:1,B,1
CTTACCGAGGGTACAC-1,ATTGGACCATGTAATGAGTA,1:1:1:1:1:1:1:1:1:1:1:1:1:1:1:1:1:1:1:1,1:1:1:1:1:1:1:1:1:1:1:1:1:1:1:1:1:1:1:1,B,1
CTTCCGAGTCTCCCTA-1,CTTAACATATGTAATATCTC,1:1:1:1:1:1:1:1:1:1:1:1:1:1:1:1:1:1:1:1,1:1:1:1:1:1:1:1:1:1:1:1:1:1:1:1:1:1:1:1,B,1
CTTCCGATCACTTTGT-1,GGGTGGGATTCAGTGATCAT,2:2:2:2:2:2:2:2:2:2:2:2:2:2:2:2:2:2:2:2,1:1:1:1:1:1:1:1:1:1:1:1:1:1:1:1:1:1:1:1,B,1
CTTCTAAAGGTCGTCC-1,TAAATTAGGTCAATATATGC,1:1:1:1:1:1:1:1:1:1:1:1:1:1:1:1:1:1:1:1,1:1:1:1:1:1:1:1:1:1:1:1:1:1:1:1:1:1:1:1,B,1
CTTCTCTGTGGAACAC-1,GGGTGGGATTCAGTGATCAT,1:1:1:1:1:1:1:1:1:1:1:1:1:1:1:1:1:1:1:1,1:1:1:1:1:1:1:1:1:1:1:1:1:1:1:1:1:1:1:1,B,1
CTTCTCTTCAAGCTTG-1,TTGAGGGTTTGTATGGTTGA,1:1:1:1:1:1:1:1:1:1:1:1:1:1:1:1:1:1:1:1,1:1:1:1:1:1:1:1:1:1:1:1:1:1:1:1:1:1:1:1,B,1
CTTTCAAGTTCAGGTT-1,TGCGTTTAAAGGCGGCTGGG,1:1:1:1:1:1:1:1:1:1:1:1:1:1:1:1:1:1:1:1,1:1:1:1:1:1:1:1:1:1:1:1:1:1:1:1:1:1:1:1,B,1
CTTTCAAGTTCTCCTG-1,TGCAGATTCGCGTAGTTTGA,1:1:1:1:1:1:1:1:1:1:1:1:1:1:1:1:1:1:1:1,1:1:1:1:1:1:1:1:1:1:1:1:1:1:1:1:1:1:1:1,B,1
GAAACCTTCCTCCACA-1,TCCAGAGCCTCGTTGGAGGC,1:1:1:1:1:1:1:1:1:1:1:1:1:1:1:1:1:1:1:1,1:1:1:1:1:1:1:1:1:1:1:1:1:1:1:1:1:1:1:1,B,1
GAAGCGACAACCTATG-1,CTTAGTATTTTGGGAATCAC,1:1:1:1:1:1:1:1:1:1:1:1:1:1:1:1:1:1:1:1,1:1:1:1:1:1:1:1:1:1:1:1:1:1:1:1:1:1:1:1,B,1
GACAGCCCACATAACC-1,GCTATCTTCTGATGGCTCTT,1:1:1:1:1:1:1:1:1:1:1:1:1:1:1:1:1:1:1:1,1:1:1:1:1:1:1:1:1:1:1:1:1:1:1:1:1:1:1:1,B,1
GACCGTGTCCCTGGTT-1,TAACAAACTTGACGGCCTTA,1:1:1:1:1:1:1:1:1:1:1:1:1:1:1:1:1:1:1:1,1:1:1:1:1:1:1:1:1:1:1:1:1:1:1:1:1:1:1:1,B,1
GACCTTCCATTAGGCT-1,TGCTTTATGTATGTAGTGGA,1:1:1:1:1:1:1:1:1:1:1:1:1:1:1:1:1:1:1:1,1:1:1:1:1:1:1:1:1:1:1:1:1:1:1:1:1:1:1:1,B,1
GACGTTAAGTGCCTCG-1,TTAAATTATTGTTTATTACT,1:1:1:1:1:1:1:1:1:1:1:1:1:1:1:1:1:1:1:1,1:1:1:1:1:1:1:1:1:1:1:1:1:1:1:1:1:1:1:1,B,1
GACGTTACAACGAGGT-1,GGCACCTGACGGCTAGTATA,1:1:1:1:1:1:1:1:1:1:1:1:1:1:1:1:1:1:1:1,1:1:1:1:1:1:1:1:1:1:1:1:1:1:1:1:1:1:1:1,B,1
GACTCAAAGGTTCTTG-1,TTCCCAGGGCCCGCATCGGA,1:1:1:1:1:1:1:1:1:1:1:1:1:1:1:1:1:1:1:1,1:1:1:1:1:1:1:1:1:1:1:1:1:1:1:1:1:1:1:1,B,1
GAGAGGTCAAGTGGTG-1,GTTAGCAAGGTGGTGTCCGA,1:1:1:1:1:1:1:1:1:1:1:1:1:1:1:1:1:1:1:1,1:1:1:1:1:1:1:1:1:1:1:1:1:1:1:1:1:1:1:1,B,1
GAGATGGTCCGTTTCG-1,ACCTTTTATTTGATGTGAAT,1:1:1:1:1:1:1:1:1:1:1:1:1:1:1:1:1:1:1:1,1:1:1:1:1:1:1:1:1:1:1:1:1:1:1:1:1:1:1:1,B,1
GAGCCTGGTCACATTG-1,ACTCTTTGCATTGTACACAT,1:1:1:1:1:1:1:1:1:1:1:1:1:1:1:1:1:1:1:1,1:1:1:1:1:1:1:1:1:1:1:1:1:1:1:1:1:1:1:1,B,1
GAGCTGCGTTGAAGTA-1,TTCATGGGTACTTGGAGCTG,1:1:1:1:1:1:1:1:1:1:1:1:1:1:1:1:1:1:1:1,1:1:1:1:1:1:1:1:1:1:1:1:1:1:1:1:1:1:1:1,B,1
GAGTCATAGAAGGCTC-1,TAATACAGATTGTCTGTGCT,1:1:1:1:1:1:1:1:1:1:1:1:1:1:1:1:1:1:1:1,1:1:1:1:1:1:1:1:1:1:1:1:1:1:1:1:1:1:1:1,B,1
GAGTGAGTCGTCGACG-1,AAGGATGACCGTGTGCGTTA,1:1:1:1:1:1:1:1:1:1:1:1:1:1:1:1:1:1:1:1,1:1:1:1:1:1:1:1:1:1:1:1:1:1:1:1:1:1:1:1,B,1
GAGTTTGGTTTAAGGA-1,CGGCGCTTCCAACGGGATAG,1:1:1:1:1:1:1:1:1:1:1:1:1:1:1:1:1:1:1:1,1:1:1:1:1:1:1:1:1:1:1:1:1:1:1:1:1:1:1:1,B,1
GATAGCTAGACCCTTA-1,TCTATGACTTCTTACATCTG,1:1:1:1:1:1:1:1:1:1:1:1:1:1:1:1:1:1:1:1,1:1:1:1:1:1:1:1:1:1:1:1:1:1:1:1:1:1:1:1,B,1
GATAGCTAGCCGGAAT-1,TAATGTCAAGCGGGGTTTAA,1:1:1:1:1:1:1:1:1:1:1:1:1:1:1:1:1:1:1:1,1:1:1:1:1:1:1:1:1:1:1:1:1:1:1:1:1:1:1:1,B,1
GATCAGTCATCGATAC-1,ATTGGACCATGTAATGAGTA,1:1:1:1:1:1:1:1:1:1:1:1:1:1:1:1:1:1:1:1,1:1:1:1:1:1:1:1:1:1:1:1:1:1:1:1:1:1:1:1,B,1
GATGACTTCTATGTGG-1,GCGTGCCACAGTATCATTGT,1:1:1:1:1:1:1:1:1:1:1:1:1:1:1:1:1:1:1:1,1:1:1:1:1:1:1:1:1:1:1:1:1:1:1:1:1:1:1:1,B,1
GATGATCCAACCGCTG-1,ATAAATTGTTTGGAATTTGT,1:1:1:1:1:1:1:1:1:1:1:1:1:1:1:1:1:1:1:1,1:1:1:1:1:1:1:1:1:1:1:1:1:1:1:1:1:1:1:1,B,1
GATTCGAAGTCATCGT-1,CTATATATTCGTTGTATTAT,1:1:1:1:1:1:1:1:1:1:1:1:1:1:1:1:1:1:1:1,1:1:1:1:1:1:1:1:1:1:1:1:1:1:1:1:1:1:1:1,B,1
GATTCTTTCAAGCCCG-1,ATAGGGCATCAGAATAGTTT,1:1:1:1:1:1:1:1:1:1:1:1:1:1:1:1:1:1:1:1,1:1:1:1:1:1:1:1:1:1:1:1:1:1:1:1:1:1:1:1,B,1
GCACTAAGTCCACTTC-1,TGTGTGGCGATATTTTCTAG,1:1:1:1:1:1:1:1:1:1:1:1:1:1:1:1:1:1:1:1,1:1:1:1:1:1:1:1:1:1:1:1:1:1:1:1:1:1:1:1,B,1
GCATCGGCACTTACAG-1,CGCTTATTTGATGCATTGCT,1:1:1:1:1:1:1:1:1:1:1:1:1:1:1:1:1:1:1:1,1:1:1:1:1:1:1:1:1:1:1:1:1:1:1:1:1:1:1:1,B,1
GCATCTCGTACCAATC-1,CTACTGTGTGTGTCTTCCTA,1:1:1:1:1:1:1:1:1:1:1:1:1:1:1:1:1:1:1:1,1:1:1:1:1:1:1:1:1:1:1:1:1:1:1:1:1:1:1:1,B,1
GCCAACGCACTGGACC-1,GTGTATTAAGTAAATGATGA,1:1:1:1:1:1:1:1:1:1:1:1:1:1:1:1:1:1:1:1,1:1:1:1:1:1:1:1:1:1:1:1:1:1:1:1:1:1:1:1,B,1
GCCAGGTCAGATCCTA-1,CTGAACCAGTAGACATGGAT,1:1:1:1:1:1:1:1:1:1:1:1:1:1:1:1:1:1:1:1,1:1:1:1:1:1:1:1:1:1:1:1:1:1:1:1:1:1:1:1,B,1
GCCATGGCAAACAGGC-1,CTTAACATATGTAATATCTC,1:1:1:1:1:1:1:1:1:1:1:1:1:1:1:1:1:1:1:1,1:1:1:1:1:1:1:1:1:1:1:1:1:1:1:1:1:1:1:1,B,1
GCCATGGCAAGTCCAT-1,GCTCCTTTGGTTATTTTCTA,1:1:1:1:1:1:1:1:1:1:1:1:1:1:1:1:1:1:1:1,1:1:1:1:1:1:1:1:1:1:1:1:1:1:1:1:1:1:1:1,B,1
GCTACAACACTCGATA-1,ATTGGACCATGTAATGAGTA,1:1:1:1:1:1:1:1:1:1:1:1:1:1:1:1:1:1:1:1,1:1:1:1:1:1:1:1:1:1:1:1:1:1:1:1:1:1:1:1,B,1
GCTGAATGTCACGCTG-1,ATAGGACCATGTAATGAGTA,1:1:1:1:1:1:1:1:1:1:1:1:1:1:1:1:1:1:1:1,1:1:1:1:1:1:1:1:1:1:1:1:1:1:1:1:1:1:1:1,B,1
GCTTCACAGGTAGATT-1,TGTTCCGTTTGGGCTTGGAG,1:1:1:1:1:1:1:1:1:1:1:1:1:1:1:1:1:1:1:1,1:1:1:1:1:1:1:1:1:1:1:1:1:1:1:1:1:1:1:1,B,1
GCTTTCGCAATTGCCA-1,CTTAACATATGTAATATCTC,2:2:2:2:2:2:2:2:2:2:2:2:2:2:2:2:2:2:2:2,1:1:1:1:1:1:1:1:1:1:1:1:1:1:1:1:1:1:1:1,B,1
GGAATCTAGTCTTCCC-1,CTGTGCAGGCACGCGTCCCA,1:1:1:1:1:1:1:1:1:1:1:1:1:1:1:1:1:1:1:1,1:1:1:1:1:1:1:1:1:1:1:1:1:1:1:1:1:1:1:1,B,1
GGAGCAAAGCAGCCCT-1,GTGTATTAAGTAAATGATGA,1:1:1:1:1:1:1:1:1:1:1:1:1:1:1:1:1:1:1:1,1:1:1:1:1:1:1:1:1:1:1:1:1:1:1:1:1:1:1:1,B,1
GGAGCAACATAGGTAA-1,TGTTTGTTCTGCAAAGTATG,1:1:1:1:1:1:1:1:1:1:1:1:1:1:1:1:1:1:1:1,1:1:1:1:1:1:1:1:1:1:1:1:1:1:1:1:1:1:1:1,B,1
GGAGCAATCACACCCT-1,GGTTCATATTCTTTTGTCCA,1:1:1:1:1:1:1:1:1:1:1:1:1:1:1:1:1:1:1:1,1:1:1:1:1:1:1:1:1:1:1:1:1:1:1:1:1:1:1:1,B,1
GGAGGATTCGCTTGAA-1,TTATTAGTTACGGTGTGTGT,1:1:1:1:1:1:1:1:1:1:1:1:1:1:1:1:1:1:1:1,1:1:1:1:1:1:1:1:1:1:1:1:1:1:1:1:1:1:1:1,B,1
GGCAGTCTCGGCCCAA-1,GTGTGACGACATGCACTGAA,1:1:1:1:1:1:1:1:1:1:1:1:1:1:1:1:1:1:1:1,1:1:1:1:1:1:1:1:1:1:1:1:1:1:1:1:1:1:1:1,B,1
GGGAGTATCTGTAAGC-1,TTGGACGGATTAAATTCTAT,1:1:1:1:1:1:1:1:1:1:1:1:1:1:1:1:1:1:1:1,1:1:1:1:1:1:1:1:1:1:1:1:1:1:1:1:1:1:1:1,B,1
GGGCCATCACAGAGCA-1,ATAGGGCATCAGAATAGTTT,1:1:1:1:1:1:1:1:1:1:1:1:1:1:1:1:1:1:1:1,1:1:1:1:1:1:1:1:1:1:1:1:1:1:1:1:1:1:1:1,B,1
GGGCTACCAGGATCTT-1,TAATGTCAAGCGGGGTTTAA,1:1:1:1:1:1:1:1:1:1:1:1:1:1:1:1:1:1:1:1,1:1:1:1:1:1:1:1:1:1:1:1:1:1:1:1:1:1:1:1,B,1
GGGTCACTCGGTCGGT-1,TCTGCCGATTACATCTGAGT,1:1:1:1:1:1:1:1:1:1:1:1:1:1:1:1:1:1:1:1,1:1:1:1:1:1:1:1:1:1:1:1:1:1:1:1:1:1:1:1,B,1
GGTAACTCAAAGCTCT-1,CGCGGCCTGCGGCTTAGGGA,1:1:1:1:1:1:1:1:1:1:1:1:1:1:1:1:1:1:1:1,1:1:1:1:1:1:1:1:1:1:1:1:1:1:1:1:1:1:1:1,B,1
GGTGTCGAGAACAGGA-1,TAATCCAAGTCTCCTCACAT,1:1:1:1:1:1:1:1:1:1:1:1:1:1:1:1:1:1:1:1,1:1:1:1:1:1:1:1:1:1:1:1:1:1:1:1:1:1:1:1,B,1
GGTGTTAGTAGGTAGC-1,TCCTATTCTGTTGGAGTACA,1:1:1:1:1:1:1:1:1:1:1:1:1:1:1:1:1:1:1:1,1:1:1:1:1:1:1:1:1:1:1:1:1:1:1:1:1:1:1:1,B,1
GGTTAACTCCTTCTAA-1,CCTATGTGACAAATTGGAGA,1:1:1:1:1:1:1:1:1:1:1:1:1:1:1:1:1:1:1:1,1:1:1:1:1:1:1:1:1:1:1:1:1:1:1:1:1:1:1:1,B,1
GTAACACCACGGTCTG-1,TGTTTTATGTTTCTATAATC,1:1:1:1:1:1:1:1:1:1:1:1:1:1:1:1:1:1:1:1,1:1:1:1:1:1:1:1:1:1:1:1:1:1:1:1:1:1:1:1,B,1
GTAGAAAAGTAGGCCA-1,ATAGGGCATCAGAATAGTTT,1:1:1:1:1:1:1:1:1:1:1:1:1:1:1:1:1:1:1:1,1:1:1:1:1:1:1:1:1:1:1:1:1:1:1:1:1:1:1:1,B,1
GTAGAGGTCCTTATCA-1,AGATGGAATAATCACAAGCT,1:1:1:1:1:1:1:1:1:1:1:1:1:1:1:1:1:1:1:1,1:1:1:1:1:1:1:1:1:1:1:1:1:1:1:1:1:1:1:1,B,1
GTCAAACGTACTCCGG-1,GTTTAAGTATTGTAACTACT,1:1:1:1:1:1:1:1:1:1:1:1:1:1:1:1:1:1:1:1,1:1:1:1:1:1:1:1:1:1:1:1:1:1:1:1:1:1:1:1,B,1
GTCATCCTCGCCAGTG-1,GGGTGGGATTCAGTGATCAT,1:1:1:1:1:1:1:1:1:1:1:1:1:1:1:1:1:1:1:1,1:1:1:1:1:1:1:1:1:1:1:1:1:1:1:1:1:1:1:1,B,1
GTCTAGATCGCCGTGA-1,ATAGGGCATCAGAATAGTTT,3:3:3:3:3:3:3:3:3:3:3:3:3:3:3:3:3:3:3:3,1:1:1:1:1:1:1:1:1:1:1:1:1:1:1:1:1:1:1:1,B,1
GTGCAGCCAGTAACAA-1,CCTTAATTACAATTTATGTG,1:1:1:1:1:1:1:1:1:1:1:1:1:1:1:1:1:1:1:1,1:1:1:1:1:1:1:1:1:1:1:1:1:1:1:1:1:1:1:1,B,1
GTGCGTGGTAGGTTTC-1,CTTCAGTCAACGTGGGTATA,1:1:1:1:1:1:1:1:1:1:1:1:1:1:1:1:1:1:1:1,1:1:1:1:1:1:1:1:1:1:1:1:1:1:1:1:1:1:1:1,B,1
GTGCTGGCAGATCCTA-1,CCAGTTGCGACTTATGCAGT,1:1:1:1:1:1:1:1:1:1:1:1:1:1:1:1:1:1:1:1,1:1:1:1:1:1:1:1:1:1:1:1:1:1:1:1:1:1:1:1,B,1
GTGCTGGTCTAACGGT-1,CTATAGTAATCTACCTTATA,1:1:1:1:1:1:1:1:1:1:1:1:1:1:1:1:1:1:1:1,1:1:1:1:1:1:1:1:1:1:1:1:1:1:1:1:1:1:1:1,B,1
GTGTAACAGATTGAGT-1,CTTAACATATGTAATATCTC,1:1:1:1:1:1:1:1:1:1:1:1:1:1:1:1:1:1:1:1,1:1:1:1:1:1:1:1:1:1:1:1:1:1:1:1:1:1:1:1,B,1
GTGTAACCAGTCAACT-1,GAGTACTTACTTAAGTATGT,1:1:1:1:1:1:1:1:1:1:1:1:1:1:1:1:1:1:1:1,1:1:1:1:1:1:1:1:1:1:1:1:1:1:1:1:1:1:1:1,B,1
GTGTGATGTAATACCC-1,TGTTCACTAGTCATAGCGAC,1:1:1:1:1:1:1:1:1:1:1:1:1:1:1:1:1:1:1:1,1:1:1:1:1:1:1:1:1:1:1:1:1:1:1:1:1:1:1:1,B,1
GTTACCCGTGAGCCAA-1,CTGCTATTTTATTGTCGACT,1:1:1:1:1:1:1:1:1:1:1:1:1:1:1:1:1:1:1:1,1:1:1:1:1:1:1:1:1:1:1:1:1:1:1:1:1:1:1:1,B,1
GTTAGTGGTCCCTCAT-1,GGCCTGTGGGGGTAGAAACC,1:1:1:1:1:1:1:1:1:1:1:1:1:1:1:1:1:1:1:1,1:1:1:1:1:1:1:1:1:1:1:1:1:1:1:1:1:1:1:1,B,1
GTTCCGTGTGAATGTA-1,ATTTTATCAAGCTGTTGGTT,1:1:1:1:1:1:1:1:1:1:1:1:1:1:1:1:1:1:1:1,1:1:1:1:1:1:1:1:1:1:1:1:1:1:1:1:1:1:1:1,B,1
GTTCGCTTCCCTGGTT-1,GTACATACGTCTATGTATAA,3:3:3:3:3:3:3:3:3:3:3:3:3:3:3:3:3:3:3:3,0.333:0.667:0.333:0.333:0.667:0.667:0.667:0.333:0.667:1:0.667:0.667:0.667:0.333:0.667:1:0.667:0.667:1:0.667,B,0
GTTGTAGGTGCACATT-1,AAATCCTGGGTAAATTGCCG,1:1:1:1:1:1:1:1:1:1:1:1:1:1:1:1:1:1:1:1,1:1:1:1:1:1:1:1:1:1:1:1:1:1:1:1:1:1:1:1,B,1
TAACACGCACAGTATC-1,CAAAGCTACGAGCCCAATCA,1:1:1:1:1:1:1:1:1:1:1:1:1:1:1:1:1:1:1:1,1:1:1:1:1:1:1:1:1:1:1:1:1:1:1:1:1:1:1:1,B,1
TACCGAACAGAGTAAT-1,TATTCTTCCAAATATAAAAC,1:1:1:1:1:1:1:1:1:1:1:1:1:1:1:1:1:1:1:1,1:1:1:1:1:1:1:1:1:1:1:1:1:1:1:1:1:1:1:1,B,1
TACCGAAGTATCGTGT-1,CAGGTGATTTCGCGTATAAT,1:1:1:1:1:1:1:1:1:1:1:1:1:1:1:1:1:1:1:1,1:1:1:1:1:1:1:1:1:1:1:1:1:1:1:1:1:1:1:1,B,1
TACCGGGGTCTCGCGA-1,GCAAACTAAGTAACTTTTCT,1:1:1:1:1:1:1:1:1:1:1:1:1:1:1:1:1:1:1:1,1:1:1:1:1:1:1:1:1:1:1:1:1:1:1:1:1:1:1:1,B,1
TACCTCGCACACAGAG-1,CTTAACATATGTAATATCTC,1:1:1:1:1:1:1:1:1:1:1:1:1:1:1:1:1:1:1:1,1:1:1:1:1:1:1:1:1:1:1:1:1:1:1:1:1:1:1:1,B,1
TACTTACAGACCATTC-1,ATAGTTTTCCCGATGTTTAC,2:2:2:2:2:2:2:2:2:2:2:2:2:2:2:2:2:2:2:2,1:0.5:0.5:1:1:0.5:0.5:0.5:0.5:0.5:0.5:0.5:0.5:0.5:1:0.5:1:0.5:0.5:1,B,0
TACTTGTGTCAGTCTA-1,TCAGTCTGTCATAGATTAGA,1:1:1:1:1:1:1:1:1:1:1:1:1:1:1:1:1:1:1:1,1:1:1:1:1:1:1:1:1:1:1:1:1:1:1:1:1:1:1:1,B,1
TAGACTGAGCGACTGA-1,ATAGGGCATCAGAATAGTTT,1:1:1:1:1:1:1:1:1:1:1:1:1:1:1:1:1:1:1:1,1:1:1:1:1:1:1:1:1:1:1:1:1:1:1:1:1:1:1:1,B,1
TAGAGTCCAACTGCCG-1,GTGTGACGACATGCACTGAA,1:1:1:1:1:1:1:1:1:1:1:1:1:1:1:1:1:1:1:1,1:1:1:1:1:1:1:1:1:1:1:1:1:1:1:1:1:1:1:1,B,1
TAGAGTCCAGCCCAGT-1,TGTGCAATTTTCGAGTTGGA,1:1:1:1:1:1:1:1:1:1:1:1:1:1:1:1:1:1:1:1,1:1:1:1:1:1:1:1:1:1:1:1:1:1:1:1:1:1:1:1,B,1
TAGGTTGTCCCTCGAT-1,TCGGAGGCGGTCTTTGGAAG,1:1:1:1:1:1:1:1:1:1:1:1:1:1:1:1:1:1:1:1,1:1:1:1:1:1:1:1:1:1:1:1:1:1:1:1:1:1:1:1,B,1
TATCGCCGTTCCGTTC-1,GGGCTAATACCTATCGTGTT,1:1:1:1:1:1:1:1:1:1:1:1:1:1:1:1:1:1:1:1,1:1:1:1:1:1:1:1:1:1:1:1:1:1:1:1:1:1:1:1,B,1
TATGTTCCAGGCCTGT-1,ATAGGGCATCAGAATAGTTT,2:2:2:2:2:2:2:2:2:2:2:2:2:2:2:2:2:2:2:2,1:1:1:1:1:1:1:1:1:1:1:1:1:1:1:1:1:1:1:1,B,1
TATTGCTAGGAACGTC-1,ATAGGGCATCAGAATAGTTT,1:1:1:1:1:1:1:1:1:1:1:1:1:1:1:1:1:1:1:1,1:1:1:1:1:1:1:1:1:1:1:1:1:1:1:1:1:1:1:1,B,1
TCAAGACAGACGACGT-1,GCTTTTTAGTATACTGGCTA,1:1:1:1:1:1:1:1:1:1:1:1:1:1:1:1:1:1:1:1,1:1:1:1:1:1:1:1:1:1:1:1:1:1:1:1:1:1:1:1,B,1
TCAATCTCACAATGAA-1,GATCTGTGTTGTGAAGATTT,1:1:1:1:1:1:1:1:1:1:1:1:1:1:1:1:1:1:1:1,1:1:1:1:1:1:1:1:1:1:1:1:1:1:1:1:1:1:1:1,B,1
TCACATTAGTGGTTAA-1,GCTCCTTTGGTTATTTTCTA,1:1:1:1:1:1:1:1:1:1:1:1:1:1:1:1:1:1:1:1,1:1:1:1:1:1:1:1:1:1:1:1:1:1:1:1:1:1:1:1,B,1
TCACGCTGTCAACACT-1,TTGGACGGATTAAATTCTAT,1:1:1:1:1:1:1:1:1:1:1:1:1:1:1:1:1:1:1:1,1:1:1:1:1:1:1:1:1:1:1:1:1:1:1:1:1:1:1:1,B,1
TCACGGGTCGTTTACT-1,ATTGGACCATGTAATGAGTA,1:1:1:1:1:1:1:1:1:1:1:1:1:1:1:1:1:1:1:1,1:1:1:1:1:1:1:1:1:1:1:1:1:1:1:1:1:1:1:1,B,1
TCAGGTAAGCTGAAAT-1,GGGTGGGATTCAGTGATCAT,1:1:1:1:1:1:1:1:1:1:1:1:1:1:1:1:1:1:1:1,1:1:1:1:1:1:1:1:1:1:1:1:1:1:1:1:1:1:1:1,B,1
TCATACTCACTAGGCC-1,ACACATTGTTATACGTAATA,1:1:1:1:1:1:1:1:1:1:1:1:1:1:1:1:1:1:1:1,1:1:1:1:1:1:1:1:1:1:1:1:1:1:1:1:1:1:1:1,B,1
TCATCCGTCGCATAGT-1,TTTGGCGAGAACTCAGGCGC,1:1:1:1:1:1:1:1:1:1:1:1:1:1:1:1:1:1:1:1,1:1:1:1:1:1:1:1:1:1:1:1:1:1:1:1:1:1:1:1,B,1
TCATGCCGTTGCCAAT-1,ATAGGGCATCAGACTAGTTT,1:1:1:1:1:1:1:1:1:1:1:1:1:1:1:1:1:1:1:1,1:1:1:1:1:1:1:1:1:1:1:1:1:1:1:1:1:1:1:1,B,1
TCATGGAGTGGCTCTG-1,AGACAACTTGGATTTTGTGT,1:1:1:1:1:1:1:1:1:1:1:1:1:1:1:1:1:1:1:1,1:1:1:1:1:1:1:1:1:1:1:1:1:1:1:1:1:1:1:1,B,1
TCATGGATCACTCTTA-1,ACTTGATACAGTACGCAAGC,2:2:2:2:2:2:2:2:2:2:2:2:2:2:2:2:2:2:2:2,1:1:1:1:1:1:1:1:1:1:1:1:1:1:1:1:1:1:1:1,B,1
TCATTACAGACGACTG-1,TATTACGTATATTGGACTAG,1:1:1:1:1:1:1:1:1:1:1:1:1:1:1:1:1:1:1:1,1:1:1:1:1:1:1:1:1:1:1:1:1:1:1:1:1:1:1:1,B,1
TCATTACAGTTCGGTT-1,TGCGTTTAAAGGCGGCTGGG,1:1:1:1:1:1:1:1:1:1:1:1:1:1:1:1:1:1:1:1,1:1:1:1:1:1:1:1:1:1:1:1:1:1:1:1:1:1:1:1,B,1
TCATTGTCATGGCTAT-1,GTTGCAGATTAATAAGATGA,2:2:2:2:2:2:2:2:2:2:2:2:2:2:2:2:2:2:2:2,1:1:1:1:1:1:1:1:1:1:1:1:1:1:1:1:1:1:1:1,B,1
TCCCATGAGCTGTACT-1,GAGATAATTGCTGTATGTGG,1:1:1:1:1:1:1:1:1:1:1:1:1:1:1:1:1:1:1:1,1:1:1:1:1:1:1:1:1:1:1:1:1:1:1:1:1:1:1:1,B,1
TCCGTGTCACTAACGT-1,GCGGGATCACTCGCAGGGTC,1:1:1:1:1:1:1:1:1:1:1:1:1:1:1:1:1:1:1:1,1:1:1:1:1:1:1:1:1:1:1:1:1:1:1:1:1:1:1:1,B,1
TCCTCCCCAACACACT-1,ACGCCTCATATCGCGAAATG,1:1:1:1:1:1:1:1:1:1:1:1:1:1:1:1:1:1:1:1,1:1:1:1:1:1:1:1:1:1:1:1:1:1:1:1:1:1:1:1,B,1
TCCTGCATCAGGACGA-1,TTGGACGGATTAAATTCTAT,1:1:1:1:1:1:1:1:1:1:1:1:1:1:1:1:1:1:1:1,1:1:1:1:1:1:1:1:1:1:1:1:1:1:1:1:1:1:1:1,B,1
TCCTTCTAGGCCTGCT-1,ATAGGGCATCAGAATAGTTT,2:2:2:2:2:2:2:2:2:2:2:2:2:2:2:2:2:2:2:2,1:1:0.5:1:1:1:1:1:1:1:1:1:1:1:1:1:1:1:1:1,B,1
TCCTTTCTCGGTCAGC-1,TCACAGTAAAGGGGTCTTTT,1:1:1:1:1:1:1:1:1:1:1:1:1:1:1:1:1:1:1:1,1:1:1:1:1:1:1:1:1:1:1:1:1:1:1:1:1:1:1:1,B,1
TCGATTTTCATCCCGT-1,GCTGTACATTGGTTGTGTGT,1:1:1:1:1:1:1:1:1:1:1:1:1:1:1:1:1:1:1:1,1:1:1:1:1:1:1:1:1:1:1:1:1:1:1:1:1:1:1:1,B,1
TCGTAGAAGCACCCAC-1,TATGAGTAGTGGACGGCTAT,1:1:1:1:1:1:1:1:1:1:1:1:1:1:1:1:1:1:1:1,1:1:1:1:1:1:1:1:1:1:1:1:1:1:1:1:1:1:1:1,B,1
TCGTAGAGTTATCTTC-1,CTTAGTATTTTGGGAATCAC,1:1:1:1:1:1:1:1:1:1:1:1:1:1:1:1:1:1:1:1,1:1:1:1:1:1:1:1:1:1:1:1:1:1:1:1:1:1:1:1,B,1
TCTGCCAGTACCGCGT-1,ATTGGACCATGTAATGAGTA,1:1:1:1:1:1:1:1:1:1:1:1:1:1:1:1:1:1:1:1,1:1:1:1:1:1:1:1:1:1:1:1:1:1:1:1:1:1:1:1,B,1
TCTGGCTTCTCACCCA-1,GGATTTGATGGACGGCTGGA,1:1:1:1:1:1:1:1:1:1:1:1:1:1:1:1:1:1:1:1,1:1:1:1:1:1:1:1:1:1:1:1:1:1:1:1:1:1:1:1,B,1
TCTGTCGCAGCAGATG-1,GCTGTACATTGGTTGTGTGT,1:1:1:1:1:1:1:1:1:1:1:1:1:1:1:1:1:1:1:1,1:1:1:1:1:1:1:1:1:1:1:1:1:1:1:1:1:1:1:1,B,1
TCTTAGTAGGTCACAG-1,GGAGCTTGGTATAGACTTGA,1:1:1:1:1:1:1:1:1:1:1:1:1:1:1:1:1:1:1:1,1:1:1:1:1:1:1:1:1:1:1:1:1:1:1:1:1:1:1:1,B,1
TCTTAGTAGTTGAAAC-1,TGCGAATCCATATCACTTCT,1:1:1:1:1:1:1:1:1:1:1:1:1:1:1:1:1:1:1:1,1:1:1:1:1:1:1:1:1:1:1:1:1:1:1:1:1:1:1:1,B,1
TCTTAGTGTGTCTCCT-1,GGGTGGGATTCAGTGATCAT,1:1:1:1:1:1:1:1:1:1:1:1:1:1:1:1:1:1:1:1,1:1:1:1:1:1:1:1:1:1:1:1:1:1:1:1:1:1:1:1,B,1
TCTTAGTTCTTGATTC-1,GCGGGATCACTCGCAGGGTC,1:1:1:1:1:1:1:1:1:1:1:1:1:1:1:1:1:1:1:1,1:1:1:1:1:1:1:1:1:1:1:1:1:1:1:1:1:1:1:1,B,1
TCTTCCTGTAGCCAGA-1,CTGTATATTGTGCCTTATTG,1:1:1:1:1:1:1:1:1:1:1:1:1:1:1:1:1:1:1:1,1:1:1:1:1:1:1:1:1:1:1:1:1:1:1:1:1:1:1:1,B,1
TGAATCGAGCGAATGC-1,ACTTTATGTACTTTCTCTGT,1:1:1:1:1:1:1:1:1:1:1:1:1:1:1:1:1:1:1:1,1:1:1:1:1:1:1:1:1:1:1:1:1:1:1:1:1:1:1:1,B,1
TGAATCGAGTCATCCA-1,GTTTTACAGCTCTCCGGGAT,1:1:1:1:1:1:1:1:1:1:1:1:1:1:1:1:1:1:1:1,1:1:1:1:1:1:1:1:1:1:1:1:1:1:1:1:1:1:1:1,B,1
TGACTCCTCCCATTCG-1,AAAAGAATTTTAGGTTTTTT,1:1:1:1:1:1:1:1:1:1:1:1:1:1:1:1:1:1:1:1,1:1:1:1:1:1:1:1:1:1:1:1:1:1:1:1:1:1:1:1,B,1
TGAGCGCCAAGCCATT-1,CGGCGTGTATGCGTACCATA,1:1:1:1:1:1:1:1:1:1:1:1:1:1:1:1:1:1:1:1,1:1:1:1:1:1:1:1:1:1:1:1:1:1:1:1:1:1:1:1,B,1
TGAGCGCCAGAGCGTA-1,GACGTCTGGTTAATGAGGAT,1:1:1:1:1:1:1:1:1:1:1:1:1:1:1:1:1:1:1:1,1:1:1:1:1:1:1:1:1:1:1:1:1:1:1:1:1:1:1:1,B,1
TGAGGGAAGGGTCAAC-1,TGTTCCGTTTGGGCTTGGAG,1:1:1:1:1:1:1:1:1:1:1:1:1:1:1:1:1:1:1:1,1:1:1:1:1:1:1:1:1:1:1:1:1:1:1:1:1:1:1:1,B,1
TGAGGGATCACCTTAT-1,TACCTGGATATTGAAGTCTC,1:1:1:1:1:1:1:1:1:1:1:1:1:1:1:1:1:1:1:1,1:1:1:1:1:1:1:1:1:1:1:1:1:1:1:1:1:1:1:1,B,1
TGATCAGGTCCTGTCT-1,TGCGAATCCATATCACTTCT,1:1:1:1:1:1:1:1:1:1:1:1:1:1:1:1:1:1:1:1,1:1:1:1:1:1:1:1:1:1:1:1:1:1:1:1:1:1:1:1,B,1
TGCAGGCAGAGGCTGT-1,TGCTTTATGTATGTAGTGGA,1:1:1:1:1:1:1:1:1:1:1:1:1:1:1:1:1:1:1:1,1:1:1:1:1:1:1:1:1:1:1:1:1:1:1:1:1:1:1:1,B,1
TGGAACTGTACGGATG-1,TAACCCGTAATTATTGATTA,1:1:1:1:1:1:1:1:1:1:1:1:1:1:1:1:1:1:1:1,1:1:1:1:1:1:1:1:1:1:1:1:1:1:1:1:1:1:1:1,B,1
TGGAACTTCTAATTCC-1,TATTAAACCACGGTACCCAT,1:1:1:1:1:1:1:1:1:1:1:1:1:1:1:1:1:1:1:1,1:1:1:1:1:1:1:1:1:1:1:1:1:1:1:1:1:1:1:1,B,1
TGGAGGACAGGCTACC-1,TGCGTTTAAAGGCGGCTGGG,1:1:1:1:1:1:1:1:1:1:1:1:1:1:1:1:1:1:1:1,1:1:1:1:1:1:1:1:1:1:1:1:1:1:1:1:1:1:1:1,B,1
TGGAGGATCTCTGCCA-1,TGCGTTTAAAGGCGGCTGGG,1:1:1:1:1:1:1:1:1:1:1:1:1:1:1:1:1:1:1:1,1:1:1:1:1:1:1:1:1:1:1:1:1:1:1:1:1:1:1:1,B,1
TGGCGTGTCCTCCACA-1,ATAGGGCATCAGAATAGTTT,1:1:1:1:1:1:1:1:1:1:1:1:1:1:1:1:1:1:1:1,1:1:1:1:1:1:1:1:1:1:1:1:1:1:1:1:1:1:1:1,B,1
TGGGCTGCATCAGTCA-1,TATAGCATTCTCTATTTTTC,1:1:1:1:1:1:1:1:1:1:1:1:1:1:1:1:1:1:1:1,1:1:1:1:1:1:1:1:1:1:1:1:1:1:1:1:1:1:1:1,B,1
TGGTTAGGTCGAGTTT-1,CTTAGTATTTTGGGAATCAC,1:1:1:1:1:1:1:1:1:1:1:1:1:1:1:1:1:1:1:1,1:1:1:1:1:1:1:1:1:1:1:1:1:1:1:1:1:1:1:1,B,1
TGTTCATCAGGCTACC-1,TTACGGTTACGAGATGTGTT,1:1:1:1:1:1:1:1:1:1:1:1:1:1:1:1:1:1:1:1,1:1:1:1:1:1:1:1:1:1:1:1:1:1:1:1:1:1:1:1,B,1
TTACCATAGAGTTGTA-1,CTTCAGTCAACGTGGGTATA,1:1:1:1:1:1:1:1:1:1:1:1:1:1:1:1:1:1:1:1,1:1:1:1:1:1:1:1:1:1:1:1:1:1:1:1:1:1:1:1,B,1
TTAGTCTGTTCCACGG-1,GTGTGATACTTCGTTTTATC,1:1:1:1:1:1:1:1:1:1:1:1:1:1:1:1:1:1:1:1,1:1:1:1:1:1:1:1:1:1:1:1:1:1:1:1:1:1:1:1,B,1
TTCATTGCAGCTACAT-1,CTGTCGTTAATGTCTGACAG,1:1:1:1:1:1:1:1:1:1:1:1:1:1:1:1:1:1:1:1,1:1:1:1:1:1:1:1:1:1:1:1:1:1:1:1:1:1:1:1,B,1
TTCCGGTCAACCCTCT-1,CAAAGCTACGAGCCCAATCA,1:1:1:1:1:1:1:1:1:1:1:1:1:1:1:1:1:1:1:1,1:1:1:1:1:1:1:1:1:1:1:1:1:1:1:1:1:1:1:1,B,1
TTCCTCTTCCGCTTAC-1,TTGATTAATGAAAAAATTAC,2:2:2:2:2:2:2:2:2:2:2:2:2:2:2:2:2:2:2:2,1:1:0.5:1:1:0.5:0.5:0.5:1:0.5:0.5:0.5:0.5:0.5:0.5:1:0.5:0.5:0.5:0.5,B,0
TTCGCTGTCATGCCAA-1,TCCATGTAGGTCCAGGTGAG,1:1:1:1:1:1:1:1:1:1:1:1:1:1:1:1:1:1:1:1,1:1:1:1:1:1:1:1:1:1:1:1:1:1:1:1:1:1:1:1,B,1
TTCTTCCAGAATAACC-1,TGTTCCGTTTGGGCTTGGAG,1:1:1:1:1:1:1:1:1:1:1:1:1:1:1:1:1:1:1:1,1:1:1:1:1:1:1:1:1:1:1:1:1:1:1:1:1:1:1:1,B,1
TTCTTCCAGGTAAAGG-1,GGAATGCTTTTATGACGTGT,1:1:1:1:1:1:1:1:1:1:1:1:1:1:1:1:1:1:1:1,1:1:1:1:1:1:1:1:1:1:1:1:1:1:1:1:1:1:1:1,B,1
TTGACCCTCATAAGGA-1,TAACAAACTTGACGGCCTTA,1:1:1:1:1:1:1:1:1:1:1:1:1:1:1:1:1:1:1:1,1:1:1:1:1:1:1:1:1:1:1:1:1:1:1:1:1:1:1:1,B,1
TTGAGTGTCCTGCTAC-1,GGGAGTGGTGGAAGGTTAGG,1:1:1:1:1:1:1:1:1:1:1:1:1:1:1:1:1:1:1:1,1:1:1:1:1:1:1:1:1:1:1:1:1:1:1:1:1:1:1:1,B,1
TTGGATGAGCTTAGTC-1,ATAGGGCATCAGAATAGTTT,1:1:1:1:1:1:1:1:1:1:1:1:1:1:1:1:1:1:1:1,1:1:1:1:1:1:1:1:1:1:1:1:1:1:1:1:1:1:1:1,B,1
TTGGGTACATGACTTG-1,TGTGCAATTTTCGAGTTGGA,1:1:1:1:1:1:1:1:1:1:1:1:1:1:1:1:1:1:1:1,1:1:1:1:1:1:1:1:1:1:1:1:1:1:1:1:1:1:1:1,B,1
TTGGTTTAGACCTCAT-1,GTTGCAGATTAATAAGATGA,1:1:1:1:1:1:1:1:1:1:1:1:1:1:1:1:1:1:1:1,1:1:1:1:1:1:1:1:1:1:1:1:1:1:1:1:1:1:1:1,B,1
TTGGTTTAGGTCTACT-1,CTGGTTTCTCGTTCCAATTA,1:1:1:1:1:1:1:1:1:1:1:1:1:1:1:1:1:1:1:1,1:1:1:1:1:1:1:1:1:1:1:1:1:1:1:1:1:1:1:1,B,1
TTGGTTTGTACGGGAT-1,GTTGCAGATTAATAAGATGA,1:1:1:1:1:1:1:1:1:1:1:1:1:1:1:1:1:1:1:1,1:1:1:1:1:1:1:1:1:1:1:1:1:1:1:1:1:1:1:1,B,1
TTGTTGTTCTCCCAAC-1,ATTGGACCATGTAATGAGTA,1:1:1:1:1:1:1:1:1:1:1:1:1:1:1:1:1:1:1:1,1:1:1:1:1:1:1:1:1:1:1:1:1:1:1:1:1:1:1:1,B,1
TTTACGTGTAATTGGA-1,GTTAATTCCCGGTTTTGTAT,1:1:1:1:1:1:1:1:1:1:1:1:1:1:1:1:1:1:1:1,1:1:1:1:1:1:1:1:1:1:1:1:1:1:1:1:1:1:1:1,B,1
TTTCACAAGGATTTCC-1,GCGGGATCACTCGCAGGGTC,1:1:1:1:1:1:1:1:1:1:1:1:1:1:1:1:1:1:1:1,1:1:1:1:1:1:1:1:1:1:1:1:1:1:1:1:1:1:1:1,B,1
